1,BabyMonster\IceTea,https://www.youtube.com/watch?v=SsuCimm5BIU
2,Twice\ThisIsFor,https://www.youtube.com/watch?v=eHHQaoEW30Q
3,LeSserafim\BoomPala,https://www.youtube.com/watch?v=V1Lr-_AxeR8
4,ILLIT\Magnetic,https://www.youtube.com/watch?v=Vk5-c_v4gMU
5,Sabrina\ManChild,https://www.youtube.com/watch?v=aSugSGCC12I
6,LadyGaga\GlamorousLife,https://www.youtube.com/watch?v=7Q03R8R2C94
7,IU\DearMyCrazySolumate,https://www.youtube.com/watch?v=3RwRrxiG5j4
8,AvaMax\KingAndQueens,https://www.youtube.com/watch?v=jH1RNk8954Q
9,Bad\ATEEZ,https://www.youtube.com/watch?v=-q_S27LbNKU
10,Hwasa\Maria,https://www.youtube.com/watch?v=tDukIfFzX18
11,Jennie\Like,https://www.youtube.com/watch?v=JSFG-IE8n_c
12,ILLIT\Cherish,https://www.youtube.com/watch?v=tbDGl7jEazA
